Date_reported,Country_code,Country,WHO_region,New_cases,Cumulative_cases,New_deaths,Cumulative_deaths
03/01/2020,IT,Italy,EURO,0,0,0,0
04/01/2020,IT,Italy,EURO,0,0,0,0
05/01/2020,IT,Italy,EURO,0,0,0,0
06/01/2020,IT,Italy,EURO,0,0,0,0
07/01/2020,IT,Italy,EURO,0,0,0,0
08/01/2020,IT,Italy,EURO,0,0,0,0
09/01/2020,IT,Italy,EURO,0,0,0,0
10/01/2020,IT,Italy,EURO,0,0,0,0
11/01/2020,IT,Italy,EURO,0,0,0,0
12/01/2020,IT,Italy,EURO,0,0,0,0
13/01/2020,IT,Italy,EURO,0,0,0,0
14/01/2020,IT,Italy,EURO,0,0,0,0
15/01/2020,IT,Italy,EURO,0,0,0,0
16/01/2020,IT,Italy,EURO,0,0,0,0
17/01/2020,IT,Italy,EURO,0,0,0,0
18/01/2020,IT,Italy,EURO,0,0,0,0
19/01/2020,IT,Italy,EURO,0,0,0,0
20/01/2020,IT,Italy,EURO,0,0,0,0
21/01/2020,IT,Italy,EURO,0,0,0,0
22/01/2020,IT,Italy,EURO,0,0,0,0
23/01/2020,IT,Italy,EURO,0,0,0,0
24/01/2020,IT,Italy,EURO,0,0,0,0
25/01/2020,IT,Italy,EURO,0,0,0,0
26/01/2020,IT,Italy,EURO,0,0,0,0
27/01/2020,IT,Italy,EURO,0,0,0,0
28/01/2020,IT,Italy,EURO,0,0,0,0
29/01/2020,IT,Italy,EURO,2,2,0,0
30/01/2020,IT,Italy,EURO,0,2,0,0
31/01/2020,IT,Italy,EURO,1,3,0,0
01/02/2020,IT,Italy,EURO,0,3,0,0
02/02/2020,IT,Italy,EURO,0,3,0,0
03/02/2020,IT,Italy,EURO,0,3,0,0
04/02/2020,IT,Italy,EURO,0,3,0,0
05/02/2020,IT,Italy,EURO,0,3,0,0
06/02/2020,IT,Italy,EURO,0,3,0,0
07/02/2020,IT,Italy,EURO,0,3,0,0
08/02/2020,IT,Italy,EURO,0,3,0,0
09/02/2020,IT,Italy,EURO,0,3,0,0
10/02/2020,IT,Italy,EURO,0,3,0,0
11/02/2020,IT,Italy,EURO,0,3,0,0
12/02/2020,IT,Italy,EURO,0,3,0,0
13/02/2020,IT,Italy,EURO,0,3,0,0
14/02/2020,IT,Italy,EURO,0,3,0,0
15/02/2020,IT,Italy,EURO,0,3,0,0
16/02/2020,IT,Italy,EURO,0,3,0,0
17/02/2020,IT,Italy,EURO,0,3,0,0
18/02/2020,IT,Italy,EURO,0,3,0,0
19/02/2020,IT,Italy,EURO,0,3,0,0
20/02/2020,IT,Italy,EURO,0,3,0,0
21/02/2020,IT,Italy,EURO,0,3,0,0
22/02/2020,IT,Italy,EURO,14,17,0,0
23/02/2020,IT,Italy,EURO,62,79,2,2
24/02/2020,IT,Italy,EURO,53,132,1,3
25/02/2020,IT,Italy,EURO,97,229,4,7
26/02/2020,IT,Italy,EURO,93,322,3,10
27/02/2020,IT,Italy,EURO,78,400,2,12
28/02/2020,IT,Italy,EURO,250,650,5,17
29/02/2020,IT,Italy,EURO,238,888,4,21
01/03/2020,IT,Italy,EURO,240,1128,8,29
02/03/2020,IT,Italy,EURO,566,1694,5,34
03/03/2020,IT,Italy,EURO,342,2036,18,52
04/03/2020,IT,Italy,EURO,466,2502,27,79
05/03/2020,IT,Italy,EURO,587,3089,28,107
06/03/2020,IT,Italy,EURO,769,3858,41,148
07/03/2020,IT,Italy,EURO,778,4636,49,197
08/03/2020,IT,Italy,EURO,1247,5883,36,233
09/03/2020,IT,Italy,EURO,1492,7375,133,366
10/03/2020,IT,Italy,EURO,1797,9172,97,463
11/03/2020,IT,Italy,EURO,977,10149,168,631
12/03/2020,IT,Italy,EURO,2313,12462,196,827
13/03/2020,IT,Italy,EURO,2651,15113,189,1016
14/03/2020,IT,Italy,EURO,2547,17660,250,1266
15/03/2020,IT,Italy,EURO,3497,21157,175,1441
16/03/2020,IT,Italy,EURO,3590,24747,368,1809
17/03/2020,IT,Italy,EURO,3233,27980,349,2158
18/03/2020,IT,Italy,EURO,3526,31506,345,2503
19/03/2020,IT,Italy,EURO,4207,35713,475,2978
20/03/2020,IT,Italy,EURO,5322,41035,427,3405
21/03/2020,IT,Italy,EURO,5986,47021,627,4032
22/03/2020,IT,Italy,EURO,6557,53578,793,4825
23/03/2020,IT,Italy,EURO,5560,59138,651,5476
24/03/2020,IT,Italy,EURO,4789,63927,601,6077
25/03/2020,IT,Italy,EURO,5249,69176,743,6820
26/03/2020,IT,Italy,EURO,5210,74386,683,7503
27/03/2020,IT,Italy,EURO,6153,80539,662,8165
28/03/2020,IT,Italy,EURO,5959,86498,969,9134
29/03/2020,IT,Italy,EURO,5974,92472,889,10023
30/03/2020,IT,Italy,EURO,5217,97689,756,10779
31/03/2020,IT,Italy,EURO,4050,101739,812,11591
01/04/2020,IT,Italy,EURO,4053,105792,837,12428
02/04/2020,IT,Italy,EURO,4782,110574,727,13155
03/04/2020,IT,Italy,EURO,4668,115242,760,13915
04/04/2020,IT,Italy,EURO,4585,119827,766,14681
05/04/2020,IT,Italy,EURO,4805,124632,681,15362
06/04/2020,IT,Italy,EURO,4316,128948,525,15887
07/04/2020,IT,Italy,EURO,3599,132547,636,16523
08/04/2020,IT,Italy,EURO,3039,135586,604,17127
09/04/2020,IT,Italy,EURO,3836,139422,542,17669
10/04/2020,IT,Italy,EURO,4204,143626,610,18279
11/04/2020,IT,Italy,EURO,3951,147577,570,18849
12/04/2020,IT,Italy,EURO,4694,152271,619,19468
13/04/2020,IT,Italy,EURO,4092,156363,431,19899
14/04/2020,IT,Italy,EURO,3153,159516,566,20465
15/04/2020,IT,Italy,EURO,2972,162488,602,21067
16/04/2020,IT,Italy,EURO,2667,165155,578,21645
17/04/2020,IT,Italy,EURO,3786,168941,525,22170
18/04/2020,IT,Italy,EURO,3493,172434,575,22745
19/04/2020,IT,Italy,EURO,3491,175925,482,23227
20/04/2020,IT,Italy,EURO,3047,178972,433,23660
21/04/2020,IT,Italy,EURO,2256,181228,454,24114
22/04/2020,IT,Italy,EURO,2729,183957,534,24648
23/04/2020,IT,Italy,EURO,3370,187327,437,25085
24/04/2020,IT,Italy,EURO,2646,189973,464,25549
25/04/2020,IT,Italy,EURO,3021,192994,420,25969
26/04/2020,IT,Italy,EURO,2357,195351,415,26384
27/04/2020,IT,Italy,EURO,2324,197675,260,26644
28/04/2020,IT,Italy,EURO,1739,199414,333,26977
29/04/2020,IT,Italy,EURO,2091,201505,382,27359
30/04/2020,IT,Italy,EURO,2086,203591,323,27682
01/05/2020,IT,Italy,EURO,1872,205463,285,27967
02/05/2020,IT,Italy,EURO,1965,207428,269,28236
03/05/2020,IT,Italy,EURO,1900,209328,474,28710
04/05/2020,IT,Italy,EURO,1389,210717,174,28884
05/05/2020,IT,Italy,EURO,1221,211938,195,29079
06/05/2020,IT,Italy,EURO,1075,213013,236,29315
07/05/2020,IT,Italy,EURO,1444,214457,369,29684
08/05/2020,IT,Italy,EURO,1401,215858,274,29958
09/05/2020,IT,Italy,EURO,1327,217185,243,30201
10/05/2020,IT,Italy,EURO,1083,218268,194,30395
11/05/2020,IT,Italy,EURO,802,219070,165,30560
12/05/2020,IT,Italy,EURO,744,219814,179,30739
13/05/2020,IT,Italy,EURO,1402,221216,172,30911
14/05/2020,IT,Italy,EURO,888,222104,195,31106
15/05/2020,IT,Italy,EURO,992,223096,262,31368
16/05/2020,IT,Italy,EURO,789,223885,242,31610
17/05/2020,IT,Italy,EURO,875,224760,153,31763
18/05/2020,IT,Italy,EURO,675,225435,145,31908
19/05/2020,IT,Italy,EURO,451,225886,99,32007
20/05/2020,IT,Italy,EURO,813,226699,162,32169
21/05/2020,IT,Italy,EURO,665,227364,161,32330
22/05/2020,IT,Italy,EURO,642,228006,156,32486
23/05/2020,IT,Italy,EURO,652,228658,130,32616
24/05/2020,IT,Italy,EURO,669,229327,119,32735
25/05/2020,IT,Italy,EURO,531,229858,50,32785
26/05/2020,IT,Italy,EURO,300,230158,92,32877
27/05/2020,IT,Italy,EURO,397,230555,78,32955
28/05/2020,IT,Italy,EURO,584,231139,117,33072
29/05/2020,IT,Italy,EURO,593,231732,70,33142
30/05/2020,IT,Italy,EURO,516,232248,87,33229
31/05/2020,IT,Italy,EURO,416,232664,111,33340
01/06/2020,IT,Italy,EURO,355,233019,75,33415
02/06/2020,IT,Italy,EURO,178,233197,60,33475
03/06/2020,IT,Italy,EURO,318,233515,55,33530
04/06/2020,IT,Italy,EURO,321,233836,71,33601
05/06/2020,IT,Italy,EURO,177,234013,88,33689
06/06/2020,IT,Italy,EURO,518,234531,85,33774
07/06/2020,IT,Italy,EURO,270,234801,72,33846
08/06/2020,IT,Italy,EURO,197,234998,53,33899
09/06/2020,IT,Italy,EURO,280,235278,65,33964
10/06/2020,IT,Italy,EURO,283,235561,79,34043
11/06/2020,IT,Italy,EURO,202,235763,71,34114
12/06/2020,IT,Italy,EURO,379,236142,53,34167
13/06/2020,IT,Italy,EURO,163,236305,56,34223
14/06/2020,IT,Italy,EURO,346,236651,78,34301
15/06/2020,IT,Italy,EURO,338,236989,44,34345
16/06/2020,IT,Italy,EURO,301,237290,26,34371
17/06/2020,IT,Italy,EURO,210,237500,34,34405
18/06/2020,IT,Italy,EURO,328,237828,43,34448
19/06/2020,IT,Italy,EURO,331,238159,66,34514
20/06/2020,IT,Italy,EURO,251,238410,47,34561
21/06/2020,IT,Italy,EURO,264,238674,49,34610
22/06/2020,IT,Italy,EURO,224,238898,24,34634
23/06/2020,IT,Italy,EURO,221,239119,23,34657
24/06/2020,IT,Italy,EURO,113,239232,18,34675
25/06/2020,IT,Italy,EURO,577,239809,9,34684
26/06/2020,IT,Italy,EURO,296,240105,14,34698
27/06/2020,IT,Italy,EURO,255,240360,10,34708
28/06/2020,IT,Italy,EURO,175,240535,8,34716
29/06/2020,IT,Italy,EURO,174,240709,22,34738
30/06/2020,IT,Italy,EURO,126,240835,6,34744
01/07/2020,IT,Italy,EURO,142,240977,23,34767
02/07/2020,IT,Italy,EURO,182,241159,21,34788
03/07/2020,IT,Italy,EURO,201,241360,30,34818
04/07/2020,IT,Italy,EURO,223,241583,15,34833
05/07/2020,IT,Italy,EURO,235,241818,21,34854
06/07/2020,IT,Italy,EURO,192,242010,7,34861
07/07/2020,IT,Italy,EURO,208,242218,8,34869
08/07/2020,IT,Italy,EURO,137,242355,30,34899
09/07/2020,IT,Italy,EURO,193,242548,15,34914
10/07/2020,IT,Italy,EURO,214,242762,12,34926
11/07/2020,IT,Italy,EURO,276,243038,12,34938
12/07/2020,IT,Italy,EURO,188,243226,7,34945
13/07/2020,IT,Italy,EURO,234,243460,9,34954
14/07/2020,IT,Italy,EURO,169,243629,13,34967
15/07/2020,IT,Italy,EURO,114,243743,17,34984
16/07/2020,IT,Italy,EURO,162,243905,13,34997
17/07/2020,IT,Italy,EURO,230,244135,20,35017
18/07/2020,IT,Italy,EURO,231,244366,11,35028
19/07/2020,IT,Italy,EURO,249,244615,14,35042
20/07/2020,IT,Italy,EURO,218,244833,3,35045
21/07/2020,IT,Italy,EURO,190,245023,13,35058
22/07/2020,IT,Italy,EURO,128,245151,15,35073
23/07/2020,IT,Italy,EURO,280,245431,9,35082
24/07/2020,IT,Italy,EURO,306,245737,10,35092
25/07/2020,IT,Italy,EURO,252,245989,5,35097
26/07/2020,IT,Italy,EURO,274,246263,5,35102
27/07/2020,IT,Italy,EURO,254,246517,5,35107
28/07/2020,IT,Italy,EURO,168,246685,5,35112
29/07/2020,IT,Italy,EURO,202,246887,11,35123
30/07/2020,IT,Italy,EURO,288,247175,6,35129
31/07/2020,IT,Italy,EURO,382,247557,3,35132
01/08/2020,IT,Italy,EURO,379,247936,9,35141
02/08/2020,IT,Italy,EURO,295,248231,5,35146
03/08/2020,IT,Italy,EURO,238,248469,8,35154
04/08/2020,IT,Italy,EURO,159,248628,12,35166
05/08/2020,IT,Italy,EURO,190,248818,5,35171
06/08/2020,IT,Italy,EURO,384,249202,10,35181
07/08/2020,IT,Italy,EURO,401,249603,6,35187
08/08/2020,IT,Italy,EURO,552,250155,3,35190
09/08/2020,IT,Italy,EURO,347,250502,13,35203
10/08/2020,IT,Italy,EURO,463,250965,2,35205
11/08/2020,IT,Italy,EURO,259,251224,4,35209
12/08/2020,IT,Italy,EURO,412,251636,6,35215
13/08/2020,IT,Italy,EURO,476,252112,10,35225
14/08/2020,IT,Italy,EURO,522,252634,6,35231
15/08/2020,IT,Italy,EURO,574,253208,3,35234
16/08/2020,IT,Italy,EURO,629,253837,158,35392
17/08/2020,IT,Italy,EURO,477,254314,4,35396
18/08/2020,IT,Italy,EURO,320,254634,4,35400
19/08/2020,IT,Italy,EURO,401,255035,5,35405
20/08/2020,IT,Italy,EURO,642,255677,7,35412
21/08/2020,IT,Italy,EURO,840,256517,6,35418
22/08/2020,IT,Italy,EURO,947,257464,9,35427
23/08/2020,IT,Italy,EURO,1071,258535,3,35430
24/08/2020,IT,Italy,EURO,1209,259744,7,35437
25/08/2020,IT,Italy,EURO,953,260697,4,35441
26/08/2020,IT,Italy,EURO,876,261573,4,35445
27/08/2020,IT,Italy,EURO,1366,262939,13,35458
28/08/2020,IT,Italy,EURO,1409,264348,5,35463
29/08/2020,IT,Italy,EURO,1460,265808,9,35472
30/08/2020,IT,Italy,EURO,1444,267252,1,35473
31/08/2020,IT,Italy,EURO,1365,268617,4,35477
01/09/2020,IT,Italy,EURO,996,269613,6,35483
02/09/2020,IT,Italy,EURO,975,270588,8,35491
03/09/2020,IT,Italy,EURO,1326,271914,6,35497
04/09/2020,IT,Italy,EURO,1397,273311,10,35507
05/09/2020,IT,Italy,EURO,1732,275043,11,35518
06/09/2020,IT,Italy,EURO,1693,276736,15,35533
07/09/2020,IT,Italy,EURO,1297,278033,8,35541
08/09/2020,IT,Italy,EURO,1150,279183,12,35553
09/09/2020,IT,Italy,EURO,1369,280552,10,35563
10/09/2020,IT,Italy,EURO,1430,281982,14,35577
11/09/2020,IT,Italy,EURO,1597,283579,10,35587
12/09/2020,IT,Italy,EURO,1616,285195,10,35597
13/09/2020,IT,Italy,EURO,1501,286696,6,35603
14/09/2020,IT,Italy,EURO,1456,288152,7,35610
15/09/2020,IT,Italy,EURO,1008,289160,14,35624
16/09/2020,IT,Italy,EURO,1229,290389,9,35633
17/09/2020,IT,Italy,EURO,1452,291841,12,35645
18/09/2020,IT,Italy,EURO,1583,293424,13,35658
19/09/2020,IT,Italy,EURO,1907,295331,10,35668
20/09/2020,IT,Italy,EURO,1637,296968,24,35692
21/09/2020,IT,Italy,EURO,1587,298555,15,35707
22/09/2020,IT,Italy,EURO,1350,299905,17,35724
23/09/2020,IT,Italy,EURO,1391,301296,14,35738
24/09/2020,IT,Italy,EURO,1640,302936,20,35758
25/09/2020,IT,Italy,EURO,1786,304722,23,35781
26/09/2020,IT,Italy,EURO,1912,306634,20,35801
27/09/2020,IT,Italy,EURO,1869,308503,17,35818
28/09/2020,IT,Italy,EURO,1766,310269,17,35835
29/09/2020,IT,Italy,EURO,1494,311763,16,35851
30/09/2020,IT,Italy,EURO,1647,313410,24,35875
01/10/2020,IT,Italy,EURO,1850,315260,19,35894
02/10/2020,IT,Italy,EURO,2548,317808,24,35918
03/10/2020,IT,Italy,EURO,2499,320307,23,35941
04/10/2020,IT,Italy,EURO,2843,323150,27,35968
05/10/2020,IT,Italy,EURO,2578,325728,18,35986
06/10/2020,IT,Italy,EURO,2257,327985,16,36002
07/10/2020,IT,Italy,EURO,2677,330662,28,36030
08/10/2020,IT,Italy,EURO,3677,334339,31,36061
09/10/2020,IT,Italy,EURO,4458,338797,22,36083
10/10/2020,IT,Italy,EURO,5372,344169,28,36111
11/10/2020,IT,Italy,EURO,5724,349893,29,36140
12/10/2020,IT,Italy,EURO,5456,355349,26,36166
13/10/2020,IT,Italy,EURO,4619,359968,39,36205
14/10/2020,IT,Italy,EURO,5898,365866,41,36246
15/10/2020,IT,Italy,EURO,7332,373198,43,36289
16/10/2020,IT,Italy,EURO,8803,382001,83,36372
17/10/2020,IT,Italy,EURO,10009,392010,55,36427
18/10/2020,IT,Italy,EURO,10925,402935,47,36474
19/10/2020,IT,Italy,EURO,11705,414640,69,36543
20/10/2020,IT,Italy,EURO,9337,423977,73,36616
21/10/2020,IT,Italy,EURO,10871,434848,89,36705
22/10/2020,IT,Italy,EURO,15199,450047,127,36832
23/10/2020,IT,Italy,EURO,16078,466125,136,36968
24/10/2020,IT,Italy,EURO,19143,485268,91,37059
25/10/2020,IT,Italy,EURO,19640,504908,151,37210
26/10/2020,IT,Italy,EURO,21273,526181,128,37338
27/10/2020,IT,Italy,EURO,17007,543188,141,37479
28/10/2020,IT,Italy,EURO,21989,565177,221,37700
29/10/2020,IT,Italy,EURO,24988,590165,205,37905
30/10/2020,IT,Italy,EURO,26829,616994,217,38122
31/10/2020,IT,Italy,EURO,31079,648073,199,38321
01/11/2020,IT,Italy,EURO,31756,679829,297,38618
02/11/2020,IT,Italy,EURO,29905,709734,208,38826
03/11/2020,IT,Italy,EURO,22253,731987,233,39059
04/11/2020,IT,Italy,EURO,28241,760228,353,39412
05/11/2020,IT,Italy,EURO,30548,790776,335,39747
06/11/2020,IT,Italy,EURO,34502,825278,445,40192
07/11/2020,IT,Italy,EURO,37802,863080,446,40638
08/11/2020,IT,Italy,EURO,39809,902889,425,41063
09/11/2020,IT,Italy,EURO,32614,935503,331,41394
10/11/2020,IT,Italy,EURO,25269,960772,356,41750
11/11/2020,IT,Italy,EURO,35090,995862,580,42330
12/11/2020,IT,Italy,EURO,32961,1028823,623,42953
13/11/2020,IT,Italy,EURO,37977,1066800,636,43589
14/11/2020,IT,Italy,EURO,40902,1107702,550,44139
15/11/2020,IT,Italy,EURO,37249,1144951,544,44683
16/11/2020,IT,Italy,EURO,33977,1178928,546,45229
17/11/2020,IT,Italy,EURO,27352,1206280,504,45733
18/11/2020,IT,Italy,EURO,32191,1238471,731,46464
19/11/2020,IT,Italy,EURO,34280,1272751,753,47217
20/11/2020,IT,Italy,EURO,36176,1308927,653,47870
21/11/2020,IT,Italy,EURO,37239,1346166,699,48569
22/11/2020,IT,Italy,EURO,34764,1380930,692,49261
23/11/2020,IT,Italy,EURO,28337,1409267,562,49823
24/11/2020,IT,Italy,EURO,22927,1432194,630,50453
25/11/2020,IT,Italy,EURO,23227,1455421,853,51306
26/11/2020,IT,Italy,EURO,25852,1481273,722,52028
27/11/2020,IT,Italy,EURO,29001,1510274,822,52850
28/11/2020,IT,Italy,EURO,28342,1538616,827,53677
29/11/2020,IT,Italy,EURO,26315,1564931,686,54363
30/11/2020,IT,Italy,EURO,20646,1585577,541,54904
01/12/2020,IT,Italy,EURO,16376,1601953,672,55576
02/12/2020,IT,Italy,EURO,19347,1621300,785,56361
03/12/2020,IT,Italy,EURO,20709,1642009,684,57045
04/12/2020,IT,Italy,EURO,23219,1665228,993,58038
05/12/2020,IT,Italy,EURO,24110,1689338,814,58852
06/12/2020,IT,Italy,EURO,21052,1710390,662,59514
07/12/2020,IT,Italy,EURO,18887,1729277,564,60078
08/12/2020,IT,Italy,EURO,13679,1742956,528,60606
09/12/2020,IT,Italy,EURO,14837,1757793,634,61240
10/12/2020,IT,Italy,EURO,12755,1770548,499,61739
11/12/2020,IT,Italy,EURO,16998,1787546,887,62626
12/12/2020,IT,Italy,EURO,18726,1806272,761,63387
13/12/2020,IT,Italy,EURO,19902,1826174,649,64036
14/12/2020,IT,Italy,EURO,17937,1844111,484,64520
15/12/2020,IT,Italy,EURO,12025,1856136,491,65011
16/12/2020,IT,Italy,EURO,14839,1870975,846,65857
17/12/2020,IT,Italy,EURO,17568,1888543,680,66537
18/12/2020,IT,Italy,EURO,18233,1906776,683,67220
19/12/2020,IT,Italy,EURO,15401,1922177,674,67894
20/12/2020,IT,Italy,EURO,16305,1938482,553,68447
21/12/2020,IT,Italy,EURO,15102,1953584,352,68799
22/12/2020,IT,Italy,EURO,10869,1964453,415,69214
23/12/2020,IT,Italy,EURO,13316,1977769,628,69842
24/12/2020,IT,Italy,EURO,13908,1991677,553,70395
25/12/2020,IT,Italy,EURO,18039,2009716,505,70900
26/12/2020,IT,Italy,EURO,19037,2028753,459,71359
27/12/2020,IT,Italy,EURO,10429,2039182,268,71627
28/12/2020,IT,Italy,EURO,8913,2048095,298,71925
29/12/2020,IT,Italy,EURO,8581,2056676,445,72370
30/12/2020,IT,Italy,EURO,11210,2067886,659,73029
31/12/2020,IT,Italy,EURO,15803,2083689,575,73604
01/01/2021,IT,Italy,EURO,23477,2107166,555,74159
02/01/2021,IT,Italy,EURO,22210,2129376,462,74621
03/01/2021,IT,Italy,EURO,11825,2141201,364,74985
04/01/2021,IT,Italy,EURO,14245,2155446,347,75332
05/01/2021,IT,Italy,EURO,10798,2166244,348,75680
06/01/2021,IT,Italy,EURO,15375,2181619,649,76329
07/01/2021,IT,Italy,EURO,20326,2201945,548,76877
08/01/2021,IT,Italy,EURO,18416,2220361,414,77291
09/01/2021,IT,Italy,EURO,17529,2237890,620,77911
10/01/2021,IT,Italy,EURO,19976,2257866,483,78394
11/01/2021,IT,Italy,EURO,18625,2276491,361,78755
12/01/2021,IT,Italy,EURO,12530,2289021,448,79203
13/01/2021,IT,Italy,EURO,14242,2303263,616,79819
14/01/2021,IT,Italy,EURO,15773,2319036,507,80326
15/01/2021,IT,Italy,EURO,17243,2336279,522,80848
16/01/2021,IT,Italy,EURO,16144,2352423,477,81325
17/01/2021,IT,Italy,EURO,16310,2368733,475,81800
18/01/2021,IT,Italy,EURO,12544,2381277,377,82177
19/01/2021,IT,Italy,EURO,8825,2390102,377,82554
20/01/2021,IT,Italy,EURO,10496,2400598,603,83157
21/01/2021,IT,Italy,EURO,13568,2414166,524,83681
22/01/2021,IT,Italy,EURO,14055,2428221,521,84202
23/01/2021,IT,Italy,EURO,13633,2441854,472,84674
24/01/2021,IT,Italy,EURO,13331,2455185,488,85162
25/01/2021,IT,Italy,EURO,11628,2466813,299,85461
26/01/2021,IT,Italy,EURO,8559,2475372,420,85881
27/01/2021,IT,Italy,EURO,10584,2485956,541,86422
28/01/2021,IT,Italy,EURO,15191,2501147,467,86889
29/01/2021,IT,Italy,EURO,14360,2515507,492,87381
30/01/2021,IT,Italy,EURO,13563,2529070,477,87858
31/01/2021,IT,Italy,EURO,12713,2541783,421,88279
01/02/2021,IT,Italy,EURO,11249,2553032,237,88516
02/02/2021,IT,Italy,EURO,7925,2560957,329,88845
03/02/2021,IT,Italy,EURO,9651,2570608,498,89343
04/02/2021,IT,Italy,EURO,13182,2583790,476,89819
05/02/2021,IT,Italy,EURO,13656,2597446,422,90241
06/02/2021,IT,Italy,EURO,14213,2611659,377,90618
07/02/2021,IT,Italy,EURO,13439,2625098,385,91003
08/02/2021,IT,Italy,EURO,11640,2636738,270,91273
09/02/2021,IT,Italy,EURO,7969,2644707,307,91580
10/02/2021,IT,Italy,EURO,10612,2655319,422,92002
11/02/2021,IT,Italy,EURO,12947,2668266,336,92338
12/02/2021,IT,Italy,EURO,15137,2683403,391,92729
13/02/2021,IT,Italy,EURO,13893,2697296,316,93045
14/02/2021,IT,Italy,EURO,13523,2710819,311,93356
15/02/2021,IT,Italy,EURO,11060,2721879,221,93577
16/02/2021,IT,Italy,EURO,7344,2729223,258,93835
17/02/2021,IT,Italy,EURO,10368,2739591,336,94171
18/02/2021,IT,Italy,EURO,12066,2751657,369,94540
19/02/2021,IT,Italy,EURO,13755,2765412,342,94882
20/02/2021,IT,Italy,EURO,15470,2780882,353,95235
21/02/2021,IT,Italy,EURO,14914,2795796,251,95486
22/02/2021,IT,Italy,EURO,13450,2809246,232,95718
23/02/2021,IT,Italy,EURO,9617,2818863,274,95992
24/02/2021,IT,Italy,EURO,13299,2832162,356,96348
25/02/2021,IT,Italy,EURO,16402,2848564,318,96666
26/02/2021,IT,Italy,EURO,19871,2868435,308,96974
27/02/2021,IT,Italy,EURO,20488,2888923,253,97227
28/02/2021,IT,Italy,EURO,18902,2907825,280,97507
01/03/2021,IT,Italy,EURO,17440,2925265,192,97699
02/03/2021,IT,Italy,EURO,13106,2938371,246,97945
03/03/2021,IT,Italy,EURO,17063,2955434,343,98288
04/03/2021,IT,Italy,EURO,20840,2976274,347,98635
05/03/2021,IT,Italy,EURO,22845,2999119,339,98974
06/03/2021,IT,Italy,EURO,24010,3023129,297,99271
07/03/2021,IT,Italy,EURO,23633,3046762,307,99578
08/03/2021,IT,Italy,EURO,20724,3067486,207,99785
09/03/2021,IT,Italy,EURO,13882,3081368,318,100103
10/03/2021,IT,Italy,EURO,19725,3101093,376,100479
11/03/2021,IT,Italy,EURO,22275,3123368,332,100811
12/03/2021,IT,Italy,EURO,25649,3149017,373,101184
13/03/2021,IT,Italy,EURO,26790,3175807,380,101564
14/03/2021,IT,Italy,EURO,26031,3201838,317,101881
15/03/2021,IT,Italy,EURO,21304,3223142,264,102145
16/03/2021,IT,Italy,EURO,15252,3238394,354,102499
17/03/2021,IT,Italy,EURO,20376,3258770,502,103001
18/03/2021,IT,Italy,EURO,23040,3281810,431,103432
19/03/2021,IT,Italy,EURO,24901,3306711,423,103855
20/03/2021,IT,Italy,EURO,25707,3332418,386,104241
21/03/2021,IT,Italy,EURO,23913,3356331,401,104642
22/03/2021,IT,Italy,EURO,20045,3376376,300,104942
23/03/2021,IT,Italy,EURO,24501,3400877,386,105328
24/03/2021,IT,Italy,EURO,18739,3419616,551,105879
25/03/2021,IT,Italy,EURO,21246,3440862,460,106339
26/03/2021,IT,Italy,EURO,23783,3464645,460,106799
27/03/2021,IT,Italy,EURO,23974,3488619,457,107256
28/03/2021,IT,Italy,EURO,23771,3512390,380,107636
29/03/2021,IT,Italy,EURO,19604,3531994,297,107933
30/03/2021,IT,Italy,EURO,12900,3544894,417,108350
31/03/2021,IT,Italy,EURO,16051,3560945,529,108879
01/04/2021,IT,Italy,EURO,22499,3583444,467,109346
02/04/2021,IT,Italy,EURO,23639,3607083,501,109847
03/04/2021,IT,Italy,EURO,21917,3629000,481,110328
04/04/2021,IT,Italy,EURO,21247,3650247,376,110704
05/04/2021,IT,Italy,EURO,18017,3668264,326,111030
06/04/2021,IT,Italy,EURO,10680,3678944,296,111326
07/04/2021,IT,Italy,EURO,7763,3686707,421,111747
08/04/2021,IT,Italy,EURO,13686,3700393,627,112374
09/04/2021,IT,Italy,EURO,17209,3717602,487,112861
10/04/2021,IT,Italy,EURO,18924,3736526,718,113579
11/04/2021,IT,Italy,EURO,17551,3754077,344,113923
12/04/2021,IT,Italy,EURO,15737,3769814,331,114254
13/04/2021,IT,Italy,EURO,9780,3779594,358,114612
14/04/2021,IT,Italy,EURO,13439,3793033,476,115088
15/04/2021,IT,Italy,EURO,16160,3809193,469,115557
16/04/2021,IT,Italy,EURO,16963,3826156,380,115937
17/04/2021,IT,Italy,EURO,15923,3842079,429,116366
18/04/2021,IT,Italy,EURO,15364,3857443,310,116676
19/04/2021,IT,Italy,EURO,12688,3870131,251,116927
20/04/2021,IT,Italy,EURO,8863,3878994,316,117243
21/04/2021,IT,Italy,EURO,12069,3891063,390,117633
22/04/2021,IT,Italy,EURO,13836,3904899,364,117997
23/04/2021,IT,Italy,EURO,16046,3920945,360,118357
24/04/2021,IT,Italy,EURO,14758,3935703,342,118699
25/04/2021,IT,Italy,EURO,13814,3949517,322,119021
26/04/2021,IT,Italy,EURO,13157,3962674,217,119238
27/04/2021,IT,Italy,EURO,8440,3971114,301,119539
28/04/2021,IT,Italy,EURO,10398,3981512,373,119912
29/04/2021,IT,Italy,EURO,13382,3994894,344,120256
30/04/2021,IT,Italy,EURO,14314,4009208,288,120544
01/05/2021,IT,Italy,EURO,13445,4022653,263,120807
02/05/2021,IT,Italy,EURO,12964,4035617,226,121033
03/05/2021,IT,Italy,EURO,9145,4044762,144,121177
04/05/2021,IT,Italy,EURO,5946,4050708,256,121433
05/05/2021,IT,Italy,EURO,9113,4059821,305,121738
06/05/2021,IT,Italy,EURO,10579,4070400,267,122005
07/05/2021,IT,Italy,EURO,11798,4082198,258,122263
08/05/2021,IT,Italy,EURO,10549,4092747,207,122470
09/05/2021,IT,Italy,EURO,10174,4102921,224,122694
10/05/2021,IT,Italy,EURO,8289,4111210,139,122833
11/05/2021,IT,Italy,EURO,5077,4116287,198,123031
12/05/2021,IT,Italy,EURO,6943,4123230,251,123282
13/05/2021,IT,Italy,EURO,7848,4131078,262,123544
14/05/2021,IT,Italy,EURO,8082,4139160,201,123745
15/05/2021,IT,Italy,EURO,7562,4146722,182,123927
16/05/2021,IT,Italy,EURO,6652,4153374,136,124063
17/05/2021,IT,Italy,EURO,5748,4159122,93,124156
18/05/2021,IT,Italy,EURO,3454,4162576,140,124296
19/05/2021,IT,Italy,EURO,4449,4167025,201,124497
20/05/2021,IT,Italy,EURO,5500,4172525,149,124646
21/05/2021,IT,Italy,EURO,5736,4178261,164,124810
22/05/2021,IT,Italy,EURO,5215,4183476,218,125028
23/05/2021,IT,Italy,EURO,4714,4188190,125,125153
24/05/2021,IT,Italy,EURO,3993,4192183,72,125225
25/05/2021,IT,Italy,EURO,2489,4194672,110,125335
26/05/2021,IT,Italy,EURO,3220,4197892,166,125501
27/05/2021,IT,Italy,EURO,3935,4201827,121,125622
28/05/2021,IT,Italy,EURO,4143,4205970,171,125793
29/05/2021,IT,Italy,EURO,3737,4209707,126,125919
30/05/2021,IT,Italy,EURO,3348,4213055,83,126002
31/05/2021,IT,Italy,EURO,2948,4216003,44,126046
01/06/2021,IT,Italy,EURO,1818,4217821,82,126128
02/06/2021,IT,Italy,EURO,2483,4220304,93,126221
03/06/2021,IT,Italy,EURO,2896,4223200,62,126283
04/06/2021,IT,Italy,EURO,1963,4225163,59,126342
05/06/2021,IT,Italy,EURO,2556,4227719,73,126415
06/06/2021,IT,Italy,EURO,2434,4230153,57,126472
07/06/2021,IT,Italy,EURO,2275,4232428,51,126523
08/06/2021,IT,Italy,EURO,1270,4233698,65,126588
09/06/2021,IT,Italy,EURO,1894,4235592,102,126690
10/06/2021,IT,Italy,EURO,2198,4237790,77,126767
11/06/2021,IT,Italy,EURO,2078,4239868,88,126855
12/06/2021,IT,Italy,EURO,1892,4241760,69,126924
13/06/2021,IT,Italy,EURO,1722,4243482,52,126976
14/06/2021,IT,Italy,EURO,1390,4244872,26,127002
15/06/2021,IT,Italy,EURO,907,4245779,36,127038
16/06/2021,IT,Italy,EURO,1253,4247032,63,127101
17/06/2021,IT,Italy,EURO,1400,4248432,52,127153
18/06/2021,IT,Italy,EURO,1323,4249755,37,127190
19/06/2021,IT,Italy,EURO,1147,4250902,35,127225
20/06/2021,IT,Italy,EURO,1193,4252095,28,127253
21/06/2021,IT,Italy,EURO,881,4252976,17,127270
22/06/2021,IT,Italy,EURO,484,4253460,21,127291
23/06/2021,IT,Italy,EURO,834,4254294,31,127322
24/06/2021,IT,Italy,EURO,1140,4255434,12,127334
25/06/2021,IT,Italy,EURO,266,4255700,28,127362
26/06/2021,IT,Italy,EURO,751,4256451,56,127418
27/06/2021,IT,Italy,EURO,838,4257289,40,127458
28/06/2021,IT,Italy,EURO,780,4258069,14,127472
29/06/2021,IT,Italy,EURO,387,4258456,28,127500
30/06/2021,IT,Italy,EURO,677,4259133,42,127542
01/07/2021,IT,Italy,EURO,776,4259909,24,127566
02/07/2021,IT,Italy,EURO,879,4260788,21,127587
03/07/2021,IT,Italy,EURO,794,4261582,28,127615
04/07/2021,IT,Italy,EURO,929,4262511,22,127637
05/07/2021,IT,Italy,EURO,806,4263317,12,127649
06/07/2021,IT,Italy,EURO,480,4263797,31,127680
07/07/2021,IT,Italy,EURO,907,4264704,24,127704
08/07/2021,IT,Italy,EURO,1010,4265714,14,127718
09/07/2021,IT,Italy,EURO,1391,4267105,13,127731
10/07/2021,IT,Italy,EURO,1386,4268491,25,127756
11/07/2021,IT,Italy,EURO,1394,4269885,12,127768
12/07/2021,IT,Italy,EURO,1391,4271276,7,127775
13/07/2021,IT,Italy,EURO,887,4272163,13,127788
14/07/2021,IT,Italy,EURO,1530,4273693,20,127808
15/07/2021,IT,Italy,EURO,2153,4275846,23,127831
16/07/2021,IT,Italy,EURO,2473,4278319,9,127840
17/07/2021,IT,Italy,EURO,2895,4281214,11,127851
18/07/2021,IT,Italy,EURO,3118,4284332,13,127864
19/07/2021,IT,Italy,EURO,3126,4287458,3,127867
20/07/2021,IT,Italy,EURO,2070,4289528,7,127874
21/07/2021,IT,Italy,EURO,3555,4293083,10,127884
22/07/2021,IT,Italy,EURO,4254,4297337,21,127905
23/07/2021,IT,Italy,EURO,5056,4302393,15,127920
24/07/2021,IT,Italy,EURO,5142,4307535,17,127937
25/07/2021,IT,Italy,EURO,5138,4312673,5,127942
26/07/2021,IT,Italy,EURO,4742,4317415,7,127949
27/07/2021,IT,Italy,EURO,3115,4320530,22,127971
28/07/2021,IT,Italy,EURO,4516,4325046,24,127995
29/07/2021,IT,Italy,EURO,5693,4330739,15,128010
30/07/2021,IT,Italy,EURO,6167,4336906,19,128029
31/07/2021,IT,Italy,EURO,6613,4343519,18,128047
01/08/2021,IT,Italy,EURO,6509,4350028,16,128063
02/08/2021,IT,Italy,EURO,5320,4355348,2,128065
03/08/2021,IT,Italy,EURO,3185,4358533,23,128088
04/08/2021,IT,Italy,EURO,4841,4363374,27,128115
05/08/2021,IT,Italy,EURO,6590,4369964,21,128136
06/08/2021,IT,Italy,EURO,7224,4377188,27,128163
07/08/2021,IT,Italy,EURO,6599,4383787,24,128187
08/08/2021,IT,Italy,EURO,6897,4390684,22,128209
09/08/2021,IT,Italy,EURO,5733,4396417,11,128220
10/08/2021,IT,Italy,EURO,4200,4400617,22,128242
11/08/2021,IT,Italy,EURO,5624,4406241,31,128273
12/08/2021,IT,Italy,EURO,6921,4413162,31,128304
13/08/2021,IT,Italy,EURO,7267,4420429,30,128334
14/08/2021,IT,Italy,EURO,7398,4427827,45,128379
15/08/2021,IT,Italy,EURO,7181,4435008,34,128413
16/08/2021,IT,Italy,EURO,5661,4440669,19,128432
17/08/2021,IT,Italy,EURO,3669,4444338,24,128456
18/08/2021,IT,Italy,EURO,5268,4449606,54,128510
19/08/2021,IT,Italy,EURO,7159,4456765,69,128579
20/08/2021,IT,Italy,EURO,7240,4464005,55,128634
21/08/2021,IT,Italy,EURO,7220,4471225,49,128683
22/08/2021,IT,Italy,EURO,7466,4478691,45,128728
23/08/2021,IT,Italy,EURO,5922,4484613,23,128751
24/08/2021,IT,Italy,EURO,4166,4488779,44,128795
25/08/2021,IT,Italy,EURO,6078,4494857,60,128855
26/08/2021,IT,Italy,EURO,7539,4502396,59,128914
27/08/2021,IT,Italy,EURO,7215,4509611,43,128957
28/08/2021,IT,Italy,EURO,7823,4517434,45,129002
29/08/2021,IT,Italy,EURO,6858,4524292,54,129056
30/08/2021,IT,Italy,EURO,5954,4530246,37,129093
31/08/2021,IT,Italy,EURO,4253,4534499,53,129146
01/09/2021,IT,Italy,EURO,5492,4539991,75,129221
02/09/2021,IT,Italy,EURO,6496,4546487,69,129290
03/09/2021,IT,Italy,EURO,6754,4553241,62,129352
04/09/2021,IT,Italy,EURO,6729,4559970,58,129410
05/09/2021,IT,Italy,EURO,6156,4566126,56,129466
06/09/2021,IT,Italy,EURO,5314,4571440,49,129515
07/09/2021,IT,Italy,EURO,3347,4574787,52,129567
08/09/2021,IT,Italy,EURO,4715,4579502,71,129638
09/09/2021,IT,Italy,EURO,5921,4585423,69,129707
10/09/2021,IT,Italy,EURO,5518,4590941,59,129766
11/09/2021,IT,Italy,EURO,5617,4596558,62,129828
12/09/2021,IT,Italy,EURO,5191,4601749,57,129885
13/09/2021,IT,Italy,EURO,4664,4606413,34,129919
14/09/2021,IT,Italy,EURO,2792,4609205,36,129955
15/09/2021,IT,Italy,EURO,4009,4613214,72,130027
16/09/2021,IT,Italy,EURO,4826,4618040,73,130100
17/09/2021,IT,Italy,EURO,5115,4623155,67,130167
18/09/2021,IT,Italy,EURO,4544,4627699,66,130233
19/09/2021,IT,Italy,EURO,4576,4632275,51,130284
20/09/2021,IT,Italy,EURO,3836,4636111,26,130310
21/09/2021,IT,Italy,EURO,2405,4638516,44,130354
22/09/2021,IT,Italy,EURO,3374,4641890,67,130421
23/09/2021,IT,Italy,EURO,3963,4645853,67,130488
24/09/2021,IT,Italy,EURO,4053,4649906,63,130551
25/09/2021,IT,Italy,EURO,3790,4653696,52,130603
26/09/2021,IT,Italy,EURO,3519,4657215,50,130653
27/09/2021,IT,Italy,EURO,3099,4660314,44,130697
28/09/2021,IT,Italy,EURO,1773,4662087,45,130742
29/09/2021,IT,Italy,EURO,2962,4665049,65,130807
30/09/2021,IT,Italy,EURO,3212,4668261,63,130870
01/10/2021,IT,Italy,EURO,4094,4672355,51,130921
02/10/2021,IT,Italy,EURO,3403,4675758,52,130973
03/10/2021,IT,Italy,EURO,3309,4679067,25,130998
04/10/2021,IT,Italy,EURO,2967,4682034,33,131031
05/10/2021,IT,Italy,EURO,1612,4683646,37,131068
06/10/2021,IT,Italy,EURO,2463,4686109,50,131118
07/10/2021,IT,Italy,EURO,3232,4689341,39,131157
08/10/2021,IT,Italy,EURO,2933,4692274,41,131198
09/10/2021,IT,Italy,EURO,3017,4695291,30,131228
10/10/2021,IT,Italy,EURO,2747,4698038,46,131274
11/10/2021,IT,Italy,EURO,2278,4700316,27,131301
12/10/2021,IT,Italy,EURO,1516,4701832,34,131335
13/10/2021,IT,Italy,EURO,2486,4704318,49,131384
14/10/2021,IT,Italy,EURO,2769,4707087,37,131421
15/10/2021,IT,Italy,EURO,2666,4709753,40,131461
16/10/2021,IT,Italy,EURO,2729,4712482,42,131503
17/10/2021,IT,Italy,EURO,2982,4715464,14,131517
18/10/2021,IT,Italy,EURO,2435,4717899,24,131541
19/10/2021,IT,Italy,EURO,1594,4719493,44,131585
20/10/2021,IT,Italy,EURO,2695,4722188,70,131655
21/10/2021,IT,Italy,EURO,3699,4725887,33,131688
22/10/2021,IT,Italy,EURO,3791,4729678,36,131724
23/10/2021,IT,Italy,EURO,3879,4733557,39,131763
24/10/2021,IT,Italy,EURO,3905,4737462,39,131802
25/10/2021,IT,Italy,EURO,3723,4741185,24,131826
26/10/2021,IT,Italy,EURO,2535,4743720,30,131856
27/10/2021,IT,Italy,EURO,4053,4747773,48,131904
28/10/2021,IT,Italy,EURO,4595,4752368,50,131954
29/10/2021,IT,Italy,EURO,4863,4757231,50,132004
30/10/2021,IT,Italy,EURO,5332,4762563,33,132037
31/10/2021,IT,Italy,EURO,4877,4767440,37,132074
01/11/2021,IT,Italy,EURO,4525,4771965,26,132100
02/11/2021,IT,Italy,EURO,2818,4774783,20,132120
03/11/2021,IT,Italy,EURO,2831,4777614,41,132161
04/11/2021,IT,Italy,EURO,5188,4782802,63,132224
05/11/2021,IT,Italy,EURO,5902,4788704,59,132283
06/11/2021,IT,Italy,EURO,6761,4795465,51,132334
07/11/2021,IT,Italy,EURO,6760,4802225,31,132365
08/11/2021,IT,Italy,EURO,5822,4808047,20,132385
09/11/2021,IT,Italy,EURO,4547,4812594,38,132423
10/11/2021,IT,Italy,EURO,6111,4818705,68,132491
11/11/2021,IT,Italy,EURO,8033,4826738,60,132551
12/11/2021,IT,Italy,EURO,8697,4835435,67,132618
13/11/2021,IT,Italy,EURO,8522,4843957,68,132686
14/11/2021,IT,Italy,EURO,8539,4852496,53,132739
15/11/2021,IT,Italy,EURO,7565,4860061,36,132775
16/11/2021,IT,Italy,EURO,5199,4865260,44,132819
17/11/2021,IT,Italy,EURO,7815,4873075,74,132893
18/11/2021,IT,Italy,EURO,10167,4883242,72,132965
19/11/2021,IT,Italy,EURO,10645,4893887,69,133034
20/11/2021,IT,Italy,EURO,10554,4904441,48,133082
21/11/2021,IT,Italy,EURO,11540,4915981,49,133131
22/11/2021,IT,Italy,EURO,9707,4925688,46,133177
23/11/2021,IT,Italy,EURO,6403,4932091,70,133247
24/11/2021,IT,Italy,EURO,10044,4942135,83,133330
25/11/2021,IT,Italy,EURO,12450,4954585,85,133415
26/11/2021,IT,Italy,EURO,13756,4968341,71,133486
27/11/2021,IT,Italy,EURO,13681,4982022,51,133537
28/11/2021,IT,Italy,EURO,12869,4994891,90,133627
29/11/2021,IT,Italy,EURO,12927,5007818,47,133674
30/11/2021,IT,Italy,EURO,7972,5015790,65,133739
01/12/2021,IT,Italy,EURO,12757,5028547,89,133828
02/12/2021,IT,Italy,EURO,15073,5043620,103,133931
03/12/2021,IT,Italy,EURO,16810,5060430,72,134003
04/12/2021,IT,Italy,EURO,17015,5077445,74,134077
05/12/2021,IT,Italy,EURO,16627,5094072,75,134152
06/12/2021,IT,Italy,EURO,15010,5109082,43,134195
07/12/2021,IT,Italy,EURO,9494,5118576,92,134287
08/12/2021,IT,Italy,EURO,15742,5134318,99,134386
09/12/2021,IT,Italy,EURO,17946,5152264,86,134472
10/12/2021,IT,Italy,EURO,12516,5164780,79,134551
11/12/2021,IT,Italy,EURO,20490,5185270,118,134669
12/12/2021,IT,Italy,EURO,21035,5206305,96,134765
13/12/2021,IT,Italy,EURO,19212,5225517,66,134831
14/12/2021,IT,Italy,EURO,12704,5238221,98,134929
15/12/2021,IT,Italy,EURO,20665,5258886,120,135049
16/12/2021,IT,Italy,EURO,23190,5282076,129,135178
17/12/2021,IT,Italy,EURO,26104,5308180,123,135301
18/12/2021,IT,Italy,EURO,28615,5336795,120,135421
19/12/2021,IT,Italy,EURO,28057,5364852,123,135544
20/12/2021,IT,Italy,EURO,24303,5389155,97,135641
21/12/2021,IT,Italy,EURO,16205,5405360,137,135778
22/12/2021,IT,Italy,EURO,30783,5436143,153,135931
23/12/2021,IT,Italy,EURO,36326,5472469,146,136077
24/12/2021,IT,Italy,EURO,44585,5517054,168,136245
25/12/2021,IT,Italy,EURO,50590,5567644,141,136386
26/12/2021,IT,Italy,EURO,54787,5622431,144,136530
27/12/2021,IT,Italy,EURO,24882,5647313,81,136611
28/12/2021,IT,Italy,EURO,30799,5678112,142,136753
29/12/2021,IT,Italy,EURO,78300,5756412,190,136943
30/12/2021,IT,Italy,EURO,98016,5854428,148,137091
31/12/2021,IT,Italy,EURO,127000,5981428,156,137247
01/01/2022,IT,Italy,EURO,144255,6125683,155,137402
02/01/2022,IT,Italy,EURO,141352,6267035,111,137513
03/01/2022,IT,Italy,EURO,61041,6328076,133,137646
04/01/2022,IT,Italy,EURO,68034,6396110,140,137786
05/01/2022,IT,Italy,EURO,170837,6566947,259,138045
06/01/2022,IT,Italy,EURO,189088,6756035,231,138276
07/01/2022,IT,Italy,EURO,219430,6975465,198,138474
08/01/2022,IT,Italy,EURO,108297,7083762,223,138697
09/01/2022,IT,Italy,EURO,197535,7281297,184,138881
10/01/2022,IT,Italy,EURO,155642,7436939,157,139038
11/01/2022,IT,Italy,EURO,117405,7554344,227,139265
12/01/2022,IT,Italy,EURO,220519,7774863,294,139559
13/01/2022,IT,Italy,EURO,196205,7971068,313,139872
14/01/2022,IT,Italy,EURO,184577,8155645,316,140188
15/01/2022,IT,Italy,EURO,200869,8356514,360,140548
16/01/2022,IT,Italy,EURO,192936,8549450,308,140856
17/01/2022,IT,Italy,EURO,157465,8706915,248,141104
18/01/2022,IT,Italy,EURO,83387,8790302,287,141391
19/01/2022,IT,Italy,EURO,228123,9018425,434,141825
20/01/2022,IT,Italy,EURO,200966,9219391,380,142205
21/01/2022,IT,Italy,EURO,198865,9418256,385,142590
22/01/2022,IT,Italy,EURO,185600,9603856,373,142963
23/01/2022,IT,Italy,EURO,177335,9781191,333,143296
24/01/2022,IT,Italy,EURO,142487,9923678,227,143523
25/01/2022,IT,Italy,EURO,77666,10001344,352,143875
26/01/2022,IT,Italy,EURO,215051,10216395,469,144344
27/01/2022,IT,Italy,EURO,167166,10383561,426,144770
28/01/2022,IT,Italy,EURO,156040,10539601,389,145159
29/01/2022,IT,Italy,EURO,144347,10683948,378,145537
30/01/2022,IT,Italy,EURO,137427,10821375,377,145914
31/01/2022,IT,Italy,EURO,104110,10925485,235,146149
01/02/2022,IT,Italy,EURO,57631,10983116,349,146498
02/02/2022,IT,Italy,EURO,133306,11116422,427,146925
03/02/2022,IT,Italy,EURO,119323,11235745,395,147320
04/02/2022,IT,Italy,EURO,112956,11348701,414,147734
05/02/2022,IT,Italy,EURO,100900,11449601,433,148167
06/02/2022,IT,Italy,EURO,93192,11542793,375,148542
07/02/2022,IT,Italy,EURO,78943,11621736,229,148771
08/02/2022,IT,Italy,EURO,41602,11663338,326,149097
09/02/2022,IT,Italy,EURO,102429,11765767,415,149512
10/02/2022,IT,Italy,EURO,81669,11847436,384,149896
11/02/2022,IT,Italy,EURO,76195,11923631,325,150221
12/02/2022,IT,Italy,EURO,67478,11991109,334,150555
13/02/2022,IT,Italy,EURO,62221,12053330,269,150824
14/02/2022,IT,Italy,EURO,52345,12105675,191,151015
15/02/2022,IT,Italy,EURO,28776,12134451,281,151296
16/02/2022,IT,Italy,EURO,71023,12205474,388,151684
17/02/2022,IT,Italy,EURO,59869,12265343,278,151962
18/02/2022,IT,Italy,EURO,58055,12323398,320,152282
19/02/2022,IT,Italy,EURO,53700,12377098,314,152596
20/02/2022,IT,Italy,EURO,50675,12427773,252,152848
21/02/2022,IT,Italy,EURO,42202,12469975,141,152989
22/02/2022,IT,Italy,EURO,24484,12494459,201,153190
23/02/2022,IT,Italy,EURO,60137,12554596,322,153512
24/02/2022,IT,Italy,EURO,49162,12603758,252,153764
25/02/2022,IT,Italy,EURO,47493,12651251,249,154013
26/02/2022,IT,Italy,EURO,42069,12693320,193,154206
27/02/2022,IT,Italy,EURO,39360,12732680,210,154416
28/02/2022,IT,Italy,EURO,31878,12764558,144,154560
01/03/2022,IT,Italy,EURO,18278,12782836,207,154767
02/03/2022,IT,Italy,EURO,47136,12829972,233,155000
03/03/2022,IT,Italy,EURO,37946,12867918,214,155214
04/03/2022,IT,Italy,EURO,42588,12910506,185,155399
05/03/2022,IT,Italy,EURO,38353,12948859,210,155609
06/03/2022,IT,Italy,EURO,41364,12990223,173,155782
07/03/2022,IT,Italy,EURO,35889,13026112,105,155887
08/03/2022,IT,Italy,EURO,22662,13048774,130,156017
09/03/2022,IT,Italy,EURO,60753,13109527,184,156201
10/03/2022,IT,Italy,EURO,49815,13159342,156,156357
11/03/2022,IT,Italy,EURO,55156,13214498,136,156493
12/03/2022,IT,Italy,EURO,53961,13268459,156,156649
13/03/2022,IT,Italy,EURO,54669,13323128,133,156782
14/03/2022,IT,Italy,EURO,50079,13373207,86,156868
15/03/2022,IT,Italy,EURO,29698,13402905,129,156997
16/03/2022,IT,Italy,EURO,86414,13489319,180,157177
17/03/2022,IT,Italy,EURO,74147,13563466,137,157314
18/03/2022,IT,Italy,EURO,82368,13645834,128,157442
19/03/2022,IT,Italy,EURO,78577,13724411,165,157607
20/03/2022,IT,Italy,EURO,75768,13800179,85,157692
21/03/2022,IT,Italy,EURO,61564,13861743,93,157785
22/03/2022,IT,Italy,EURO,33445,13895188,119,157904
23/03/2022,IT,Italy,EURO,96904,13992092,197,158101
24/03/2022,IT,Italy,EURO,78358,14070450,153,158254
25/03/2022,IT,Italy,EURO,82648,14153098,182,158436
26/03/2022,IT,Italy,EURO,76397,14229495,146,158582
27/03/2022,IT,Italy,EURO,74616,14304111,118,158700
28/03/2022,IT,Italy,EURO,60612,14364723,82,158782
29/03/2022,IT,Italy,EURO,31560,14396283,95,158877
30/03/2022,IT,Italy,EURO,100296,14496579,177,159054
31/03/2022,IT,Italy,EURO,71411,14567990,170,159224
01/04/2022,IT,Italy,EURO,74364,14642354,159,159383
02/04/2022,IT,Italy,EURO,77040,14719394,154,159537
03/04/2022,IT,Italy,EURO,71412,14790806,129,159666
04/04/2022,IT,Italy,EURO,55009,14845815,118,159784
05/04/2022,IT,Italy,EURO,31329,14877144,125,159909
06/04/2022,IT,Italy,EURO,88914,14966058,194,160103
07/04/2022,IT,Italy,EURO,69885,15035943,149,160252
08/04/2022,IT,Italy,EURO,70123,15106066,150,160402
09/04/2022,IT,Italy,EURO,67641,15173707,144,160546
10/04/2022,IT,Italy,EURO,64421,15238128,112,160658
11/04/2022,IT,Italy,EURO,53920,15292048,90,160748
12/04/2022,IT,Italy,EURO,28705,15320753,115,160863
13/04/2022,IT,Italy,EURO,84056,15404809,169,161032
14/04/2022,IT,Italy,EURO,62586,15467395,155,161187
15/04/2022,IT,Italy,EURO,65617,15533012,149,161336
16/04/2022,IT,Italy,EURO,62290,15595302,133,161469
17/04/2022,IT,Italy,EURO,64533,15659835,133,161602
18/04/2022,IT,Italy,EURO,52253,15712088,85,161687
19/04/2022,IT,Italy,EURO,18588,15730676,79,161766
20/04/2022,IT,Italy,EURO,27326,15758002,127,161893
21/04/2022,IT,Italy,EURO,100440,15858442,205,162098
22/04/2022,IT,Italy,EURO,75995,15934437,166,162264
23/04/2022,IT,Italy,EURO,73744,16008181,202,162466
24/04/2022,IT,Italy,EURO,71028,16079209,143,162609
25/04/2022,IT,Italy,EURO,56848,16136057,79,162688
26/04/2022,IT,Italy,EURO,25282,16161339,93,162781
27/04/2022,IT,Italy,EURO,29984,16191323,146,162927
28/04/2022,IT,Italy,EURO,88431,16279754,186,163113
29/04/2022,IT,Italy,EURO,70034,16349788,131,163244
30/04/2022,IT,Italy,EURO,59395,16409183,133,163377
01/05/2022,IT,Italy,EURO,54017,16463200,130,163507
02/05/2022,IT,Italy,EURO,41591,16504791,105,163612
03/05/2022,IT,Italy,EURO,19068,16523859,124,163736
04/05/2022,IT,Italy,EURO,62409,16586268,153,163889
05/05/2022,IT,Italy,EURO,47643,16633911,152,164041
06/05/2022,IT,Italy,EURO,48715,16682626,138,164179
07/05/2022,IT,Italy,EURO,44364,16726990,125,164304
08/05/2022,IT,Italy,EURO,40783,16767773,113,164417
09/05/2022,IT,Italy,EURO,31225,16798998,72,164489
10/05/2022,IT,Italy,EURO,17421,16816419,84,164573
11/05/2022,IT,Italy,EURO,56199,16872618,158,164731
12/05/2022,IT,Italy,EURO,42683,16915301,115,164846
13/05/2022,IT,Italy,EURO,39483,16954784,130,164976
14/05/2022,IT,Italy,EURO,39029,16993813,115,165091
15/05/2022,IT,Italy,EURO,36334,17030147,91,165182
16/05/2022,IT,Italy,EURO,27726,17057873,62,165244
17/05/2022,IT,Italy,EURO,13776,17071649,102,165346
18/05/2022,IT,Italy,EURO,44901,17116550,148,165494
19/05/2022,IT,Italy,EURO,30927,17147477,136,165630
20/05/2022,IT,Italy,EURO,30722,17178199,108,165738
21/05/2022,IT,Italy,EURO,26818,17205017,89,165827
22/05/2022,IT,Italy,EURO,24246,17229263,91,165918
23/05/2022,IT,Italy,EURO,18289,17247552,34,165952
24/05/2022,IT,Italy,EURO,10021,17257573,80,166032
25/05/2022,IT,Italy,EURO,31860,17289433,118,166150
26/05/2022,IT,Italy,EURO,22999,17312432,114,166264
27/05/2022,IT,Italy,EURO,22636,17335068,107,166371
28/05/2022,IT,Italy,EURO,20051,17355119,105,166476
29/05/2022,IT,Italy,EURO,18622,17373741,66,166542
30/05/2022,IT,Italy,EURO,15136,17388877,27,166569
31/05/2022,IT,Italy,EURO,7846,17396723,62,166631
01/06/2022,IT,Italy,EURO,24687,17421410,66,166697
02/06/2022,IT,Italy,EURO,18822,17440232,59,166756
03/06/2022,IT,Italy,EURO,17718,17457950,79,166835
04/06/2022,IT,Italy,EURO,9692,17467642,40,166875
05/06/2022,IT,Italy,EURO,22809,17490451,47,166922
06/06/2022,IT,Italy,EURO,15522,17505973,27,166949
07/06/2022,IT,Italy,EURO,8616,17514589,70,167019
08/06/2022,IT,Italy,EURO,28547,17543136,70,167089
09/06/2022,IT,Italy,EURO,22925,17566061,80,167169
10/06/2022,IT,Italy,EURO,23534,17589595,73,167242
11/06/2022,IT,Italy,EURO,22012,17611607,63,167305
12/06/2022,IT,Italy,EURO,22458,17634065,60,167365
13/06/2022,IT,Italy,EURO,19310,17653375,26,167391
14/06/2022,IT,Italy,EURO,10668,17664043,41,167432
15/06/2022,IT,Italy,EURO,39844,17703887,73,167505
16/06/2022,IT,Italy,EURO,32809,17736696,48,167553
17/06/2022,IT,Italy,EURO,37068,17773764,64,167617
18/06/2022,IT,Italy,EURO,36170,17809934,41,167658
19/06/2022,IT,Italy,EURO,34971,17844905,45,167703
20/06/2022,IT,Italy,EURO,34255,17879160,18,167721
21/06/2022,IT,Italy,EURO,16905,17896065,59,167780
22/06/2022,IT,Italy,EURO,63264,17959329,62,167842
23/06/2022,IT,Italy,EURO,54873,18014202,50,167892
24/06/2022,IT,Italy,EURO,57432,18071634,75,167967
25/06/2022,IT,Italy,EURO,56410,18128044,51,168018
26/06/2022,IT,Italy,EURO,56873,18184917,40,168058
27/06/2022,IT,Italy,EURO,49325,18234242,44,168102
28/06/2022,IT,Italy,EURO,25019,18259261,63,168165
29/06/2022,IT,Italy,EURO,84161,18343422,69,168234
30/06/2022,IT,Italy,EURO,95455,18438877,60,168294
01/07/2022,IT,Italy,EURO,84234,18523111,59,168353
02/07/2022,IT,Italy,EURO,86900,18610011,72,168425
03/07/2022,IT,Italy,EURO,85943,18695954,63,168488
04/07/2022,IT,Italy,EURO,72917,18768871,57,168545
05/07/2022,IT,Italy,EURO,36885,18805756,59,168604
06/07/2022,IT,Italy,EURO,133015,18938771,94,168698
07/07/2022,IT,Italy,EURO,110017,19048788,72,168770
08/07/2022,IT,Italy,EURO,108386,19157174,94,168864
09/07/2022,IT,Italy,EURO,101863,19259037,105,168969
10/07/2022,IT,Italy,EURO,98901,19357938,93,169062
11/07/2022,IT,Italy,EURO,81563,19439501,44,169106
12/07/2022,IT,Italy,EURO,83761,19523262,127,169233
13/07/2022,IT,Italy,EURO,144058,19667320,157,169390
14/07/2022,IT,Italy,EURO,111591,19778911,106,169496
15/07/2022,IT,Italy,EURO,108632,19887543,105,169601
16/07/2022,IT,Italy,EURO,97936,19985479,134,169735
17/07/2022,IT,Italy,EURO,91384,20076863,111,169846
18/07/2022,IT,Italy,EURO,68996,20145859,79,169925
19/07/2022,IT,Italy,EURO,32051,20177910,112,170037
20/07/2022,IT,Italy,EURO,121103,20299013,176,170213
21/07/2022,IT,Italy,EURO,86801,20385814,157,170370
22/07/2022,IT,Italy,EURO,81535,20467349,157,170527
23/07/2022,IT,Italy,EURO,71667,20539016,155,170682
24/07/2022,IT,Italy,EURO,69174,20608190,116,170798
25/07/2022,IT,Italy,EURO,51875,20660065,77,170875
26/07/2022,IT,Italy,EURO,24117,20684182,104,170979
27/07/2022,IT,Italy,EURO,88651,20772833,253,171232
28/07/2022,IT,Italy,EURO,64400,20837233,207,171439
29/07/2022,IT,Italy,EURO,60826,20898059,199,171638
30/07/2022,IT,Italy,EURO,54417,20952476,244,171882
31/07/2022,IT,Italy,EURO,50297,21002773,121,172003
01/08/2022,IT,Italy,EURO,37252,21040025,83,172086
02/08/2022,IT,Italy,EURO,19520,21059545,121,172207
03/08/2022,IT,Italy,EURO,65099,21124644,190,172397
04/08/2022,IT,Italy,EURO,45956,21170600,171,172568
05/08/2022,IT,Italy,EURO,42959,21213559,161,172729
06/08/2022,IT,Italy,EURO,38215,21251774,175,172904
07/08/2022,IT,Italy,EURO,34997,21286771,158,173062
08/08/2022,IT,Italy,EURO,26656,21313427,74,173136
09/08/2022,IT,Italy,EURO,11975,21325402,113,173249
10/08/2022,IT,Italy,EURO,43078,21368480,177,173426
11/08/2022,IT,Italy,EURO,31699,21400179,145,173571
12/08/2022,IT,Italy,EURO,28423,21428602,130,173701
13/08/2022,IT,Italy,EURO,26689,21455291,152,173853
14/08/2022,IT,Italy,EURO,24785,21480076,129,173982
15/08/2022,IT,Italy,EURO,19455,21499531,78,174060
16/08/2022,IT,Italy,EURO,9893,21509424,42,174102
17/08/2022,IT,Italy,EURO,8941,21518365,70,174172
18/08/2022,IT,Italy,EURO,36261,21554626,128,174300
19/08/2022,IT,Italy,EURO,27291,21581917,147,174447
20/08/2022,IT,Italy,EURO,24689,21606606,124,174571
21/08/2022,IT,Italy,EURO,24392,21630998,88,174659
22/08/2022,IT,Italy,EURO,19470,21650468,63,174722
23/08/2022,IT,Italy,EURO,10417,21660885,75,174797
24/08/2022,IT,Italy,EURO,35357,21696242,134,174931
25/08/2022,IT,Italy,EURO,25388,21721630,112,175043
26/08/2022,IT,Italy,EURO,23435,21745065,84,175127
27/08/2022,IT,Italy,EURO,21995,21767060,99,175226
28/08/2022,IT,Italy,EURO,21802,21788862,80,175306
29/08/2022,IT,Italy,EURO,17647,21806509,41,175347
30/08/2022,IT,Italy,EURO,8347,21814856,60,175407
31/08/2022,IT,Italy,EURO,31087,21845943,98,175505
01/09/2022,IT,Italy,EURO,21814,21867757,90,175595
02/09/2022,IT,Italy,EURO,20498,21888255,68,175663
03/09/2022,IT,Italy,EURO,19158,21907413,91,175754
04/09/2022,IT,Italy,EURO,17660,21925073,48,175802
05/09/2022,IT,Italy,EURO,13196,21938269,30,175832
06/09/2022,IT,Italy,EURO,6608,21944877,40,175872
07/09/2022,IT,Italy,EURO,24848,21969725,80,175952
08/09/2022,IT,Italy,EURO,17570,21987295,57,176009
09/09/2022,IT,Italy,EURO,17317,22004612,89,176098
10/09/2022,IT,Italy,EURO,15542,22020154,59,176157
11/09/2022,IT,Italy,EURO,15563,22035717,18,176175
12/09/2022,IT,Italy,EURO,12315,22048032,34,176209
13/09/2022,IT,Italy,EURO,6411,22054443,33,176242
14/09/2022,IT,Italy,EURO,23158,22077601,93,176335
15/09/2022,IT,Italy,EURO,18849,22096450,69,176404
16/09/2022,IT,Italy,EURO,17973,22114423,60,176464
17/09/2022,IT,Italy,EURO,17362,22131785,44,176508
18/09/2022,IT,Italy,EURO,17150,22148935,38,176546
19/09/2022,IT,Italy,EURO,12081,22161016,32,176578
20/09/2022,IT,Italy,EURO,8257,22169273,31,176609
21/09/2022,IT,Italy,EURO,28385,22197658,60,176669
22/09/2022,IT,Italy,EURO,21188,22218846,46,176715
23/09/2022,IT,Italy,EURO,22523,22241369,60,176775
24/09/2022,IT,Italy,EURO,21083,22262452,49,176824
25/09/2022,IT,Italy,EURO,22360,22284812,43,176867
26/09/2022,IT,Italy,EURO,18794,22303606,13,176880
27/09/2022,IT,Italy,EURO,10006,22313612,32,176912
28/09/2022,IT,Italy,EURO,44875,22358487,64,176976
29/09/2022,IT,Italy,EURO,36795,22395282,48,177024
30/09/2022,IT,Italy,EURO,37521,22432803,30,177054
01/10/2022,IT,Italy,EURO,34475,22467278,38,177092
02/10/2022,IT,Italy,EURO,33068,22500346,38,177130
03/10/2022,IT,Italy,EURO,28906,22529252,20,177150
04/10/2022,IT,Italy,EURO,13316,22542568,47,177197
05/10/2022,IT,Italy,EURO,60272,22602840,60,177257
06/10/2022,IT,Italy,EURO,45223,22648063,43,177300
07/10/2022,IT,Italy,EURO,44849,22692912,56,177356
08/10/2022,IT,Italy,EURO,44665,22737577,62,177418
09/10/2022,IT,Italy,EURO,43716,22781293,60,177478
10/10/2022,IT,Italy,EURO,34443,22815736,41,177519
11/10/2022,IT,Italy,EURO,15089,22830825,51,177570
12/10/2022,IT,Italy,EURO,65917,22896742,80,177650
13/10/2022,IT,Italy,EURO,47754,22944496,69,177719
14/10/2022,IT,Italy,EURO,45705,22990201,66,177785
15/10/2022,IT,Italy,EURO,40576,23030777,98,177883
16/10/2022,IT,Italy,EURO,38968,23069745,73,177956
17/10/2022,IT,Italy,EURO,30238,23099983,32,177988
18/10/2022,IT,Italy,EURO,14030,23114013,93,178081
19/10/2022,IT,Italy,EURO,58357,23172370,113,178194
20/10/2022,IT,Italy,EURO,41703,23214073,81,178275
21/10/2022,IT,Italy,EURO,40560,23254633,84,178359
22/10/2022,IT,Italy,EURO,36114,23290747,91,178450
23/10/2022,IT,Italy,EURO,31775,23322522,92,178542
24/10/2022,IT,Italy,EURO,25553,23348075,52,178594
25/10/2022,IT,Italy,EURO,11605,23359680,39,178633
26/10/2022,IT,Italy,EURO,48713,23408393,120,178753
27/10/2022,IT,Italy,EURO,35036,23443429,93,178846
28/10/2022,IT,Italy,EURO,31758,23475187,94,178940
29/10/2022,IT,Italy,EURO,29037,23504224,85,179025
30/10/2022,IT,Italy,EURO,26799,23531023,76,179101
31/10/2022,IT,Italy,EURO,18500,23549523,53,179154
01/11/2022,IT,Italy,EURO,7968,23557491,53,179207
02/11/2022,IT,Italy,EURO,31419,23588910,82,179289
03/11/2022,IT,Italy,EURO,14106,23603016,60,179349
04/11/2022,IT,Italy,EURO,38995,23642011,87,179436
05/11/2022,IT,Italy,EURO,28421,23670432,118,179554
06/11/2022,IT,Italy,EURO,26580,23697012,101,179655
07/11/2022,IT,Italy,EURO,20666,23717678,45,179700
08/11/2022,IT,Italy,EURO,10241,23727919,53,179753
09/11/2022,IT,Italy,EURO,38905,23766824,86,179839
10/11/2022,IT,Italy,EURO,28172,23794996,81,179920
11/11/2022,IT,Italy,EURO,28196,23823192,65,179985
12/11/2022,IT,Italy,EURO,27233,23850425,84,180069
13/11/2022,IT,Italy,EURO,27768,23878193,70,180139
14/11/2022,IT,Italy,EURO,22801,23900994,46,180185
15/11/2022,IT,Italy,EURO,11313,23912307,66,180251
16/11/2022,IT,Italy,EURO,47334,23959641,106,180357
17/11/2022,IT,Italy,EURO,36187,23995828,88,180445
18/11/2022,IT,Italy,EURO,35710,24031538,73,180518
19/11/2022,IT,Italy,EURO,34830,24066368,85,180603
20/11/2022,IT,Italy,EURO,32838,24099206,76,180679
21/11/2022,IT,Italy,EURO,25955,24125161,37,180716
22/11/2022,IT,Italy,EURO,12671,24137832,66,180782
23/11/2022,IT,Italy,EURO,50281,24188113,117,180899
24/11/2022,IT,Italy,EURO,35640,24223753,110,181009
25/11/2022,IT,Italy,EURO,36907,24260660,89,181098
26/11/2022,IT,Italy,EURO,34596,24295256,84,181182
27/11/2022,IT,Italy,EURO,32408,24327664,89,181271
28/11/2022,IT,Italy,EURO,23956,24351620,51,181322
29/11/2022,IT,Italy,EURO,12266,24363886,81,181403
30/11/2022,IT,Italy,EURO,50620,24414506,141,181544
01/12/2022,IT,Italy,EURO,36977,24451483,86,181630
02/12/2022,IT,Italy,EURO,36597,24488080,103,181733
03/12/2022,IT,Italy,EURO,33849,24521929,106,181839
04/12/2022,IT,Italy,EURO,33527,24555456,105,181944
05/12/2022,IT,Italy,EURO,25414,24580870,45,181989
06/12/2022,IT,Italy,EURO,12547,24593417,67,182056
07/12/2022,IT,Italy,EURO,49463,24642880,166,182222
08/12/2022,IT,Italy,EURO,35365,24678245,102,182324
09/12/2022,IT,Italy,EURO,31159,24709404,95,182419
10/12/2022,IT,Italy,EURO,11106,24720510,90,182509
11/12/2022,IT,Italy,EURO,33379,24753889,110,182619
12/12/2022,IT,Italy,EURO,23241,24777130,48,182667
13/12/2022,IT,Italy,EURO,11654,24788784,74,182741
14/12/2022,IT,Italy,EURO,42457,24831241,142,182883
15/12/2022,IT,Italy,EURO,27870,24859111,143,183026
16/12/2022,IT,Italy,EURO,24923,24884034,112,183138
17/12/2022,IT,Italy,EURO,23074,24907108,131,183269
18/12/2022,IT,Italy,EURO,20968,24928076,101,183370
19/12/2022,IT,Italy,EURO,16266,24944342,68,183438
20/12/2022,IT,Italy,EURO,8545,24952887,84,183522
21/12/2022,IT,Italy,EURO,28475,24981362,117,183639
22/12/2022,IT,Italy,EURO,20680,25002042,141,183780
23/12/2022,IT,Italy,EURO,19564,25021606,156,183936
24/12/2022,IT,Italy,EURO,19132,25040738,134,184070
25/12/2022,IT,Italy,EURO,19765,25060503,98,184168
26/12/2022,IT,Italy,EURO,15974,25076477,44,184212
27/12/2022,IT,Italy,EURO,4528,25081005,36,184248
28/12/2022,IT,Italy,EURO,8322,25089327,76,184324
29/12/2022,IT,Italy,EURO,29761,25119088,204,184528
30/12/2022,IT,Italy,EURO,24617,25143705,114,184642
31/12/2022,IT,Italy,EURO,24733,25168438,150,184792
01/01/2023,IT,Italy,EURO,24393,25192831,126,184918
02/01/2023,IT,Italy,EURO,17240,25210071,54,184972
03/01/2023,IT,Italy,EURO,5430,25215501,86,185058
04/01/2023,IT,Italy,EURO,27102,25242603,140,185198
05/01/2023,IT,Italy,EURO,19205,25261808,97,185295
06/01/2023,IT,Italy,EURO,17874,25279682,122,185417
07/01/2023,IT,Italy,EURO,16494,25296176,71,185488
08/01/2023,IT,Italy,EURO,4967,25301143,44,185532
09/01/2023,IT,Italy,EURO,13425,25314568,53,185585
10/01/2023,IT,Italy,EURO,5620,25320188,65,185650
11/01/2023,IT,Italy,EURO,20616,25340804,150,185800
12/01/2023,IT,Italy,EURO,12120,25352924,89,185889
13/01/2023,IT,Italy,EURO,10818,25363742,104,185993
14/01/2023,IT,Italy,EURO,9082,25372824,86,186079
15/01/2023,IT,Italy,EURO,8064,25380888,79,186158
16/01/2023,IT,Italy,EURO,5814,25386702,29,186187
17/01/2023,IT,Italy,EURO,3038,25389740,74,186261
18/01/2023,IT,Italy,EURO,11219,25400959,78,186339
19/01/2023,IT,Italy,EURO,7618,25408577,73,186412
20/01/2023,IT,Italy,EURO,7053,25415630,76,186488
21/01/2023,IT,Italy,EURO,6703,25422333,54,186542
22/01/2023,IT,Italy,EURO,5745,25428078,59,186601
23/01/2023,IT,Italy,EURO,3720,25431798,16,186617
24/01/2023,IT,Italy,EURO,2499,25434297,44,186661
25/01/2023,IT,Italy,EURO,8061,25442358,73,186734
26/01/2023,IT,Italy,EURO,5900,25448258,54,186788
27/01/2023,IT,Italy,EURO,5531,25453789,45,186833
28/01/2023,IT,Italy,EURO,4974,25458763,38,186871
29/01/2023,IT,Italy,EURO,6037,25464800,33,186904
30/01/2023,IT,Italy,EURO,3443,25468243,25,186929
31/01/2023,IT,Italy,EURO,1827,25470070,33,186962
01/02/2023,IT,Italy,EURO,7297,25477367,115,187077
02/02/2023,IT,Italy,EURO,5243,25482610,147,187224
03/02/2023,IT,Italy,EURO,5556,25488166,48,187272
04/02/2023,IT,Italy,EURO,0,25488166,0,187272
05/02/2023,IT,Italy,EURO,0,25488166,0,187272
06/02/2023,IT,Italy,EURO,0,25488166,0,187272
07/02/2023,IT,Italy,EURO,0,25488166,0,187272
08/02/2023,IT,Italy,EURO,0,25488166,0,187272
09/02/2023,IT,Italy,EURO,0,25488166,0,187272
